"filename", "language", "Dockerfile", "Ignore", "Groovy", "XML", "Markdown", "YAML", "JSON", "Java", "comment", "blank", "total"
"c:\Users\75663\Documents\vscode\ymall\.dockerignore", "Ignore", 0, 2, 0, 0, 0, 0, 0, 0, 0, 0, 2
"c:\Users\75663\Documents\vscode\ymall\Dockerfile", "Dockerfile", 7, 0, 0, 0, 0, 0, 0, 0, 0, 1, 8
"c:\Users\75663\Documents\vscode\ymall\Jenkinsfile", "Groovy", 0, 0, 101, 0, 0, 0, 0, 0, 0, 0, 101
"c:\Users\75663\Documents\vscode\ymall\README.md", "Markdown", 0, 0, 0, 0, 2, 0, 0, 0, 0, 1, 3
"c:\Users\75663\Documents\vscode\ymall\deploy\dev.yml", "YAML", 0, 0, 0, 0, 0, 57, 0, 0, 0, 2, 59
"c:\Users\75663\Documents\vscode\ymall\deploy\prod.yml", "YAML", 0, 0, 0, 0, 0, 57, 0, 0, 0, 2, 59
"c:\Users\75663\Documents\vscode\ymall\mvn-settings.xml", "XML", 0, 0, 0, 24, 0, 0, 0, 0, 0, 0, 24
"c:\Users\75663\Documents\vscode\ymall\pom.xml", "XML", 0, 0, 0, 111, 0, 0, 0, 0, 14, 9, 134
"c:\Users\75663\Documents\vscode\ymall\ymall-cart\pom.xml", "XML", 0, 0, 0, 57, 0, 0, 0, 0, 8, 6, 71
"c:\Users\75663\Documents\vscode\ymall\ymall-cart\src\main\java\com\yinn\ymall\cart\CartApplication.java", "Java", 0, 0, 0, 0, 0, 0, 0, 9, 0, 5, 14
"c:\Users\75663\Documents\vscode\ymall\ymall-cart\src\main\java\com\yinn\ymall\cart\config\ResourceServerConfiguration.java", "Java", 0, 0, 0, 0, 0, 0, 0, 15, 7, 3, 25
"c:\Users\75663\Documents\vscode\ymall\ymall-cart\src\main\java\com\yinn\ymall\cart\constant\RedisConstant.java", "Java", 0, 0, 0, 0, 0, 0, 0, 5, 6, 1, 12
"c:\Users\75663\Documents\vscode\ymall\ymall-cart\src\main\java\com\yinn\ymall\cart\controller\CartController.java", "Java", 0, 0, 0, 0, 0, 0, 0, 26, 0, 7, 33
"c:\Users\75663\Documents\vscode\ymall\ymall-cart\src\main\java\com\yinn\ymall\cart\controller\CartItemController.java", "Java", 0, 0, 0, 0, 0, 0, 0, 54, 0, 11, 65
"c:\Users\75663\Documents\vscode\ymall\ymall-cart\src\main\java\com\yinn\ymall\cart\dto\CartItemDTO.java", "Java", 0, 0, 0, 0, 0, 0, 0, 15, 9, 6, 30
"c:\Users\75663\Documents\vscode\ymall\ymall-cart\src\main\java\com\yinn\ymall\cart\dto\SkuDTO.java", "Java", 0, 0, 0, 0, 0, 0, 0, 19, 33, 4, 56
"c:\Users\75663\Documents\vscode\ymall\ymall-cart\src\main\java\com\yinn\ymall\cart\entity\Cart.java", "Java", 0, 0, 0, 0, 0, 0, 0, 9, 14, 3, 26
"c:\Users\75663\Documents\vscode\ymall\ymall-cart\src\main\java\com\yinn\ymall\cart\entity\CartItem.java", "Java", 0, 0, 0, 0, 0, 0, 0, 16, 24, 3, 43
"c:\Users\75663\Documents\vscode\ymall\ymall-cart\src\main\java\com\yinn\ymall\cart\feign\ProductFeignService.java", "Java", 0, 0, 0, 0, 0, 0, 0, 16, 0, 8, 24
"c:\Users\75663\Documents\vscode\ymall\ymall-cart\src\main\java\com\yinn\ymall\cart\feign\WareFeignService.java", "Java", 0, 0, 0, 0, 0, 0, 0, 10, 0, 5, 15
"c:\Users\75663\Documents\vscode\ymall\ymall-cart\src\main\java\com\yinn\ymall\cart\service\CartItemService.java", "Java", 0, 0, 0, 0, 0, 0, 0, 12, 34, 10, 56
"c:\Users\75663\Documents\vscode\ymall\ymall-cart\src\main\java\com\yinn\ymall\cart\service\CartService.java", "Java", 0, 0, 0, 0, 0, 0, 0, 5, 0, 4, 9
"c:\Users\75663\Documents\vscode\ymall\ymall-cart\src\main\java\com\yinn\ymall\cart\service\impl\CartItemServiceImpl.java", "Java", 0, 0, 0, 0, 0, 0, 0, 80, 25, 16, 121
"c:\Users\75663\Documents\vscode\ymall\ymall-cart\src\main\java\com\yinn\ymall\cart\service\impl\CartServiceImpl.java", "Java", 0, 0, 0, 0, 0, 0, 0, 15, 0, 6, 21
"c:\Users\75663\Documents\vscode\ymall\ymall-cart\src\main\resources\bootstrap-dev.yml", "YAML", 0, 0, 0, 0, 0, 21, 0, 0, 0, 0, 21
"c:\Users\75663\Documents\vscode\ymall\ymall-cart\src\test\java\com\yinn\ymall\cart\DemoApplicationTests.java", "Java", 0, 0, 0, 0, 0, 0, 0, 0, 9, 5, 14
"c:\Users\75663\Documents\vscode\ymall\ymall-common-db\pom.xml", "XML", 0, 0, 0, 47, 0, 0, 0, 0, 6, 6, 59
"c:\Users\75663\Documents\vscode\ymall\ymall-common-db\src\main\java\com\yinn\ymall\common\db\config\MybatisPlusConfiguration.java", "Java", 0, 0, 0, 0, 0, 0, 0, 30, 0, 11, 41
"c:\Users\75663\Documents\vscode\ymall\ymall-common\pom.xml", "XML", 0, 0, 0, 111, 0, 0, 0, 0, 14, 7, 132
"c:\Users\75663\Documents\vscode\ymall\ymall-common\src\main\java\com\yinn\ymall\common\api\ErrorCode.java", "Java", 0, 0, 0, 0, 0, 0, 0, 36, 11, 10, 57
"c:\Users\75663\Documents\vscode\ymall\ymall-common\src\main\java\com\yinn\ymall\common\api\R.java", "Java", 0, 0, 0, 0, 0, 0, 0, 48, 18, 17, 83
"c:\Users\75663\Documents\vscode\ymall\ymall-common\src\main\java\com\yinn\ymall\common\config\ControllerAdviceConfiguration.java", "Java", 0, 0, 0, 0, 0, 0, 0, 38, 2, 8, 48
"c:\Users\75663\Documents\vscode\ymall\ymall-common\src\main\java\com\yinn\ymall\common\config\DateFormatConfiguration.java", "Java", 0, 0, 0, 0, 0, 0, 0, 35, 2, 6, 43
"c:\Users\75663\Documents\vscode\ymall\ymall-common\src\main\java\com\yinn\ymall\common\config\FeignConfiguration.java", "Java", 0, 0, 0, 0, 0, 0, 0, 21, 5, 3, 29
"c:\Users\75663\Documents\vscode\ymall\ymall-common\src\main\java\com\yinn\ymall\common\config\ResourceServerConfiguration.java", "Java", 0, 0, 0, 0, 0, 0, 0, 39, 9, 6, 54
"c:\Users\75663\Documents\vscode\ymall\ymall-common\src\main\java\com\yinn\ymall\common\config\SwaggerConfiguration.java", "Java", 0, 0, 0, 0, 0, 0, 0, 40, 4, 6, 50
"c:\Users\75663\Documents\vscode\ymall\ymall-common\src\main\java\com\yinn\ymall\common\config\property\DateFormatProperties.java", "Java", 0, 0, 0, 0, 0, 0, 0, 10, 9, 7, 26
"c:\Users\75663\Documents\vscode\ymall\ymall-common\src\main\java\com\yinn\ymall\common\config\property\SwaggerProperties.java", "Java", 0, 0, 0, 0, 0, 0, 0, 14, 18, 5, 37
"c:\Users\75663\Documents\vscode\ymall\ymall-common\src\main\java\com\yinn\ymall\common\config\property\WxProperties.java", "Java", 0, 0, 0, 0, 0, 0, 0, 14, 0, 3, 17
"c:\Users\75663\Documents\vscode\ymall\ymall-common\src\main\java\com\yinn\ymall\common\constant\MQConstant.java", "Java", 0, 0, 0, 0, 0, 0, 0, 20, 6, 4, 30
"c:\Users\75663\Documents\vscode\ymall\ymall-common\src\main\java\com\yinn\ymall\common\constant\PropertiesConstant.java", "Java", 0, 0, 0, 0, 0, 0, 0, 5, 0, 1, 6
"c:\Users\75663\Documents\vscode\ymall\ymall-common\src\main\java\com\yinn\ymall\common\dto\PageDTO.java", "Java", 0, 0, 0, 0, 0, 0, 0, 0, 22, 6, 28
"c:\Users\75663\Documents\vscode\ymall\ymall-common\src\main\java\com\yinn\ymall\common\dto\PageQueryDTO.java", "Java", 0, 0, 0, 0, 0, 0, 0, 16, 6, 5, 27
"c:\Users\75663\Documents\vscode\ymall\ymall-common\src\main\java\com\yinn\ymall\common\dto\SkuEsDTO.java", "Java", 0, 0, 0, 0, 0, 0, 0, 29, 0, 3, 32
"c:\Users\75663\Documents\vscode\ymall\ymall-common\src\main\java\com\yinn\ymall\common\dto\SkuHasStockDTO.java", "Java", 0, 0, 0, 0, 0, 0, 0, 9, 0, 2, 11
"c:\Users\75663\Documents\vscode\ymall\ymall-common\src\main\java\com\yinn\ymall\common\dto\UserInfoDTO.java", "Java", 0, 0, 0, 0, 0, 0, 0, 13, 0, 2, 15
"c:\Users\75663\Documents\vscode\ymall\ymall-common\src\main\java\com\yinn\ymall\common\exception\SmsSendException.java", "Java", 0, 0, 0, 0, 0, 0, 0, 4, 0, 3, 7
"c:\Users\75663\Documents\vscode\ymall\ymall-common\src\main\java\com\yinn\ymall\common\utils\BeanUtils.java", "Java", 0, 0, 0, 0, 0, 0, 0, 21, 0, 5, 26
"c:\Users\75663\Documents\vscode\ymall\ymall-common\src\main\java\com\yinn\ymall\common\utils\Convert.java", "Java", 0, 0, 0, 0, 0, 0, 0, 24, 0, 4, 28
"c:\Users\75663\Documents\vscode\ymall\ymall-common\src\main\java\com\yinn\ymall\common\utils\JwtUtils.java", "Java", 0, 0, 0, 0, 0, 0, 0, 14, 0, 7, 21
"c:\Users\75663\Documents\vscode\ymall\ymall-common\src\main\java\com\yinn\ymall\common\validator\group\InsertGroup.java", "Java", 0, 0, 0, 0, 0, 0, 0, 3, 0, 2, 5
"c:\Users\75663\Documents\vscode\ymall\ymall-common\src\main\java\com\yinn\ymall\common\validator\group\UpdateGroup.java", "Java", 0, 0, 0, 0, 0, 0, 0, 3, 0, 2, 5
"c:\Users\75663\Documents\vscode\ymall\ymall-common\src\main\resources\META-INF\spring-configuration-metadata.json", "JSON", 0, 0, 0, 0, 0, 0, 12, 0, 0, 0, 12
"c:\Users\75663\Documents\vscode\ymall\ymall-coupon\pom.xml", "XML", 0, 0, 0, 61, 0, 0, 0, 0, 8, 7, 76
"c:\Users\75663\Documents\vscode\ymall\ymall-coupon\src\main\java\com\yinn\ymall\coupon\CouponApplication.java", "Java", 0, 0, 0, 0, 0, 0, 0, 9, 0, 5, 14
"c:\Users\75663\Documents\vscode\ymall\ymall-coupon\src\main\java\com\yinn\ymall\coupon\config\RedisConfiguration.java", "Java", 0, 0, 0, 0, 0, 0, 0, 33, 2, 3, 38
"c:\Users\75663\Documents\vscode\ymall\ymall-coupon\src\main\java\com\yinn\ymall\coupon\controller\AdCategoryController.java", "Java", 0, 0, 0, 0, 0, 0, 0, 51, 7, 11, 69
"c:\Users\75663\Documents\vscode\ymall\ymall-coupon\src\main\java\com\yinn\ymall\coupon\controller\AdImgController.java", "Java", 0, 0, 0, 0, 0, 0, 0, 56, 7, 13, 76
"c:\Users\75663\Documents\vscode\ymall\ymall-coupon\src\main\java\com\yinn\ymall\coupon\dao\AdCategoryDao.java", "Java", 0, 0, 0, 0, 0, 0, 0, 7, 7, 3, 17
"c:\Users\75663\Documents\vscode\ymall\ymall-coupon\src\main\java\com\yinn\ymall\coupon\dao\AdImgDao.java", "Java", 0, 0, 0, 0, 0, 0, 0, 7, 7, 3, 17
"c:\Users\75663\Documents\vscode\ymall\ymall-coupon\src\main\java\com\yinn\ymall\coupon\entity\AdCategory.java", "Java", 0, 0, 0, 0, 0, 0, 0, 15, 13, 6, 34
"c:\Users\75663\Documents\vscode\ymall\ymall-coupon\src\main\java\com\yinn\ymall\coupon\entity\AdImg.java", "Java", 0, 0, 0, 0, 0, 0, 0, 19, 25, 6, 50
"c:\Users\75663\Documents\vscode\ymall\ymall-coupon\src\main\java\com\yinn\ymall\coupon\service\AdCategoryService.java", "Java", 0, 0, 0, 0, 0, 0, 0, 5, 7, 4, 16
"c:\Users\75663\Documents\vscode\ymall\ymall-coupon\src\main\java\com\yinn\ymall\coupon\service\AdImgService.java", "Java", 0, 0, 0, 0, 0, 0, 0, 7, 7, 7, 21
"c:\Users\75663\Documents\vscode\ymall\ymall-coupon\src\main\java\com\yinn\ymall\coupon\service\impl\AdCategoryServiceImpl.java", "Java", 0, 0, 0, 0, 0, 0, 0, 9, 0, 4, 13
"c:\Users\75663\Documents\vscode\ymall\ymall-coupon\src\main\java\com\yinn\ymall\coupon\service\impl\AdImgServiceImpl.java", "Java", 0, 0, 0, 0, 0, 0, 0, 17, 0, 7, 24
"c:\Users\75663\Documents\vscode\ymall\ymall-coupon\src\main\resources\bootstrap-dev.yml", "YAML", 0, 0, 0, 0, 0, 26, 0, 0, 0, 0, 26
"c:\Users\75663\Documents\vscode\ymall\ymall-coupon\src\test\java\com\yinn\ymall\coupon\service\AdImageServiceTest.java", "Java", 0, 0, 0, 0, 0, 0, 0, 0, 17, 6, 23
"c:\Users\75663\Documents\vscode\ymall\ymall-gateway\pom.xml", "XML", 0, 0, 0, 79, 0, 0, 0, 0, 8, 7, 94
"c:\Users\75663\Documents\vscode\ymall\ymall-gateway\src\main\java\com\yinn\ymall\gateway\GatewayApplication.java", "Java", 0, 0, 0, 0, 0, 0, 0, 9, 0, 5, 14
"c:\Users\75663\Documents\vscode\ymall\ymall-gateway\src\main\resources\bootstrap-dev.yml", "YAML", 0, 0, 0, 0, 0, 14, 0, 0, 0, 4, 18
"c:\Users\75663\Documents\vscode\ymall\ymall-gateway\src\test\java\com\yinn\ymall\gateway\DemoApplicationTests.java", "Java", 0, 0, 0, 0, 0, 0, 0, 0, 9, 5, 14
"c:\Users\75663\Documents\vscode\ymall\ymall-member\pom.xml", "XML", 0, 0, 0, 53, 0, 0, 0, 0, 6, 5, 64
"c:\Users\75663\Documents\vscode\ymall\ymall-member\src\main\java\com\yinn\ymall\member\MemberApplication.java", "Java", 0, 0, 0, 0, 0, 0, 0, 9, 0, 5, 14
"c:\Users\75663\Documents\vscode\ymall\ymall-member\src\main\java\com\yinn\ymall\member\constant\GenderEnum.java", "Java", 0, 0, 0, 0, 0, 0, 0, 15, 0, 5, 20
"c:\Users\75663\Documents\vscode\ymall\ymall-member\src\main\java\com\yinn\ymall\member\constant\SourceTypeEnum.java", "Java", 0, 0, 0, 0, 0, 0, 0, 15, 0, 5, 20
"c:\Users\75663\Documents\vscode\ymall\ymall-member\src\main\java\com\yinn\ymall\member\controller\ExceptionControllerAdvice.java", "Java", 0, 0, 0, 0, 0, 0, 0, 23, 5, 7, 35
"c:\Users\75663\Documents\vscode\ymall\ymall-member\src\main\java\com\yinn\ymall\member\controller\LoginController.java", "Java", 0, 0, 0, 0, 0, 0, 0, 21, 0, 7, 28
"c:\Users\75663\Documents\vscode\ymall\ymall-member\src\main\java\com\yinn\ymall\member\controller\MemberAddressController.java", "Java", 0, 0, 0, 0, 0, 0, 0, 36, 0, 10, 46
"c:\Users\75663\Documents\vscode\ymall\ymall-member\src\main\java\com\yinn\ymall\member\controller\MemberController.java", "Java", 0, 0, 0, 0, 0, 0, 0, 30, 0, 8, 38
"c:\Users\75663\Documents\vscode\ymall\ymall-member\src\main\java\com\yinn\ymall\member\controller\RegisterController.java", "Java", 0, 0, 0, 0, 0, 0, 0, 24, 0, 7, 31
"c:\Users\75663\Documents\vscode\ymall\ymall-member\src\main\java\com\yinn\ymall\member\dao\MemberAddressDao.java", "Java", 0, 0, 0, 0, 0, 0, 0, 7, 7, 3, 17
"c:\Users\75663\Documents\vscode\ymall\ymall-member\src\main\java\com\yinn\ymall\member\dao\MemberCollectDao.java", "Java", 0, 0, 0, 0, 0, 0, 0, 7, 7, 3, 17
"c:\Users\75663\Documents\vscode\ymall\ymall-member\src\main\java\com\yinn\ymall\member\dao\MemberDao.java", "Java", 0, 0, 0, 0, 0, 0, 0, 7, 7, 3, 17
"c:\Users\75663\Documents\vscode\ymall\ymall-member\src\main\java\com\yinn\ymall\member\dao\MemberStatisticsDao.java", "Java", 0, 0, 0, 0, 0, 0, 0, 7, 7, 3, 17
"c:\Users\75663\Documents\vscode\ymall\ymall-member\src\main\java\com\yinn\ymall\member\dto\UserDetailsDTO.java", "Java", 0, 0, 0, 0, 0, 0, 0, 23, 0, 8, 31
"c:\Users\75663\Documents\vscode\ymall\ymall-member\src\main\java\com\yinn\ymall\member\dto\UserRegisterDTO.java", "Java", 0, 0, 0, 0, 0, 0, 0, 27, 0, 9, 36
"c:\Users\75663\Documents\vscode\ymall\ymall-member\src\main\java\com\yinn\ymall\member\entity\Member.java", "Java", 0, 0, 0, 0, 0, 0, 0, 34, 49, 7, 90
"c:\Users\75663\Documents\vscode\ymall\ymall-member\src\main\java\com\yinn\ymall\member\entity\MemberAddress.java", "Java", 0, 0, 0, 0, 0, 0, 0, 22, 40, 6, 68
"c:\Users\75663\Documents\vscode\ymall\ymall-member\src\main\java\com\yinn\ymall\member\entity\MemberCollect.java", "Java", 0, 0, 0, 0, 0, 0, 0, 18, 25, 7, 50
"c:\Users\75663\Documents\vscode\ymall\ymall-member\src\main\java\com\yinn\ymall\member\entity\MemberStatistics.java", "Java", 0, 0, 0, 0, 0, 0, 0, 19, 28, 6, 53
"c:\Users\75663\Documents\vscode\ymall\ymall-member\src\main\java\com\yinn\ymall\member\exception\OpenIdExistException.java", "Java", 0, 0, 0, 0, 0, 0, 0, 4, 0, 3, 7
"c:\Users\75663\Documents\vscode\ymall\ymall-member\src\main\java\com\yinn\ymall\member\exception\PhoneExistException.java", "Java", 0, 0, 0, 0, 0, 0, 0, 4, 0, 3, 7
"c:\Users\75663\Documents\vscode\ymall\ymall-member\src\main\java\com\yinn\ymall\member\exception\UsernameExistException.java", "Java", 0, 0, 0, 0, 0, 0, 0, 4, 0, 3, 7
"c:\Users\75663\Documents\vscode\ymall\ymall-member\src\main\java\com\yinn\ymall\member\service\MemberAddressService.java", "Java", 0, 0, 0, 0, 0, 0, 0, 7, 7, 6, 20
"c:\Users\75663\Documents\vscode\ymall\ymall-member\src\main\java\com\yinn\ymall\member\service\MemberCollectService.java", "Java", 0, 0, 0, 0, 0, 0, 0, 5, 7, 4, 16
"c:\Users\75663\Documents\vscode\ymall\ymall-member\src\main\java\com\yinn\ymall\member\service\MemberService.java", "Java", 0, 0, 0, 0, 0, 0, 0, 9, 7, 7, 23
"c:\Users\75663\Documents\vscode\ymall\ymall-member\src\main\java\com\yinn\ymall\member\service\MemberStatisticsService.java", "Java", 0, 0, 0, 0, 0, 0, 0, 5, 7, 4, 16
"c:\Users\75663\Documents\vscode\ymall\ymall-member\src\main\java\com\yinn\ymall\member\service\impl\MemberAddressServiceImpl.java", "Java", 0, 0, 0, 0, 0, 0, 0, 18, 0, 6, 24
"c:\Users\75663\Documents\vscode\ymall\ymall-member\src\main\java\com\yinn\ymall\member\service\impl\MemberCollectServiceImpl.java", "Java", 0, 0, 0, 0, 0, 0, 0, 9, 0, 4, 13
"c:\Users\75663\Documents\vscode\ymall\ymall-member\src\main\java\com\yinn\ymall\member\service\impl\MemberServiceImpl.java", "Java", 0, 0, 0, 0, 0, 0, 0, 48, 1, 10, 59
"c:\Users\75663\Documents\vscode\ymall\ymall-member\src\main\java\com\yinn\ymall\member\service\impl\MemberStatisticsServiceImpl.java", "Java", 0, 0, 0, 0, 0, 0, 0, 9, 0, 4, 13
"c:\Users\75663\Documents\vscode\ymall\ymall-member\src\main\resources\bootstrap-dev.yml", "YAML", 0, 0, 0, 0, 0, 24, 0, 0, 0, 0, 24
"c:\Users\75663\Documents\vscode\ymall\ymall-member\src\test\java\com\yinn\ymall\member\MemberServiceTest.java", "Java", 0, 0, 0, 0, 0, 0, 0, 0, 9, 6, 15
"c:\Users\75663\Documents\vscode\ymall\ymall-order\pom.xml", "XML", 0, 0, 0, 61, 0, 0, 0, 0, 10, 8, 79
"c:\Users\75663\Documents\vscode\ymall\ymall-order\src\main\java\com\yinn\ymall\order\OrderApplication.java", "Java", 0, 0, 0, 0, 0, 0, 0, 9, 0, 4, 13
"c:\Users\75663\Documents\vscode\ymall\ymall-order\src\main\java\com\yinn\ymall\order\config\ResourceServerConfiguration.java", "Java", 0, 0, 0, 0, 0, 0, 0, 15, 7, 3, 25
"c:\Users\75663\Documents\vscode\ymall\ymall-order\src\main\java\com\yinn\ymall\order\constant\OrderReturnApplyStatusEnum.java", "Java", 0, 0, 0, 0, 0, 0, 0, 17, 0, 8, 25
"c:\Users\75663\Documents\vscode\ymall\ymall-order\src\main\java\com\yinn\ymall\order\constant\OrderSettingConstant.java", "Java", 0, 0, 0, 0, 0, 0, 0, 8, 15, 1, 24
"c:\Users\75663\Documents\vscode\ymall\ymall-order\src\main\java\com\yinn\ymall\order\constant\OrderStatusEnum.java", "Java", 0, 0, 0, 0, 0, 0, 0, 20, 18, 7, 45
"c:\Users\75663\Documents\vscode\ymall\ymall-order\src\main\java\com\yinn\ymall\order\constant\PaymentTypeEnum.java", "Java", 0, 0, 0, 0, 0, 0, 0, 15, 0, 5, 20
"c:\Users\75663\Documents\vscode\ymall\ymall-order\src\main\java\com\yinn\ymall\order\constant\RedisConstant.java", "Java", 0, 0, 0, 0, 0, 0, 0, 13, 9, 1, 23
"c:\Users\75663\Documents\vscode\ymall\ymall-order\src\main\java\com\yinn\ymall\order\constant\RefundStatusEnum.java", "Java", 0, 0, 0, 0, 0, 0, 0, 15, 0, 7, 22
"c:\Users\75663\Documents\vscode\ymall\ymall-order\src\main\java\com\yinn\ymall\order\controller\DefaultReturnReasonController.java", "Java", 0, 0, 0, 0, 0, 0, 0, 51, 0, 12, 63
"c:\Users\75663\Documents\vscode\ymall\ymall-order\src\main\java\com\yinn\ymall\order\controller\ExceptionControllerAdvice.java", "Java", 0, 0, 0, 0, 0, 0, 0, 16, 5, 6, 27
"c:\Users\75663\Documents\vscode\ymall\ymall-order\src\main\java\com\yinn\ymall\order\controller\OrderController.java", "Java", 0, 0, 0, 0, 0, 0, 0, 60, 0, 12, 72
"c:\Users\75663\Documents\vscode\ymall\ymall-order\src\main\java\com\yinn\ymall\order\dao\DefaultReturnReasonDao.java", "Java", 0, 0, 0, 0, 0, 0, 0, 7, 7, 3, 17
"c:\Users\75663\Documents\vscode\ymall\ymall-order\src\main\java\com\yinn\ymall\order\dao\OrderDao.java", "Java", 0, 0, 0, 0, 0, 0, 0, 7, 7, 3, 17
"c:\Users\75663\Documents\vscode\ymall\ymall-order\src\main\java\com\yinn\ymall\order\dao\OrderItemDao.java", "Java", 0, 0, 0, 0, 0, 0, 0, 7, 7, 3, 17
"c:\Users\75663\Documents\vscode\ymall\ymall-order\src\main\java\com\yinn\ymall\order\dao\OrderOperateHistoryDao.java", "Java", 0, 0, 0, 0, 0, 0, 0, 7, 7, 3, 17
"c:\Users\75663\Documents\vscode\ymall\ymall-order\src\main\java\com\yinn\ymall\order\dao\OrderReturnApplyDao.java", "Java", 0, 0, 0, 0, 0, 0, 0, 7, 7, 3, 17
"c:\Users\75663\Documents\vscode\ymall\ymall-order\src\main\java\com\yinn\ymall\order\dao\PaymentInfoDao.java", "Java", 0, 0, 0, 0, 0, 0, 0, 7, 7, 3, 17
"c:\Users\75663\Documents\vscode\ymall\ymall-order\src\main\java\com\yinn\ymall\order\dao\RefundInfoDao.java", "Java", 0, 0, 0, 0, 0, 0, 0, 7, 7, 3, 17
"c:\Users\75663\Documents\vscode\ymall\ymall-order\src\main\java\com\yinn\ymall\order\dto\CartItemDTO.java", "Java", 0, 0, 0, 0, 0, 0, 0, 16, 24, 4, 44
"c:\Users\75663\Documents\vscode\ymall\ymall-order\src\main\java\com\yinn\ymall\order\dto\MemberAddressDTO.java", "Java", 0, 0, 0, 0, 0, 0, 0, 18, 33, 5, 56
"c:\Users\75663\Documents\vscode\ymall\ymall-order\src\main\java\com\yinn\ymall\order\dto\OrderConfirmDTO.java", "Java", 0, 0, 0, 0, 0, 0, 0, 11, 15, 4, 30
"c:\Users\75663\Documents\vscode\ymall\ymall-order\src\main\java\com\yinn\ymall\order\dto\OrderPaidDTO.java", "Java", 0, 0, 0, 0, 0, 0, 0, 11, 0, 3, 14
"c:\Users\75663\Documents\vscode\ymall\ymall-order\src\main\java\com\yinn\ymall\order\dto\OrderSubmitDTO.java", "Java", 0, 0, 0, 0, 0, 0, 0, 19, 21, 8, 48
"c:\Users\75663\Documents\vscode\ymall\ymall-order\src\main\java\com\yinn\ymall\order\dto\PaymentInfoDTO.java", "Java", 0, 0, 0, 0, 0, 0, 0, 21, 12, 8, 41
"c:\Users\75663\Documents\vscode\ymall\ymall-order\src\main\java\com\yinn\ymall\order\dto\PrePaymentDTO.java", "Java", 0, 0, 0, 0, 0, 0, 0, 14, 0, 6, 20
"c:\Users\75663\Documents\vscode\ymall\ymall-order\src\main\java\com\yinn\ymall\order\dto\SkuLockDTO.java", "Java", 0, 0, 0, 0, 0, 0, 0, 24, 18, 8, 50
"c:\Users\75663\Documents\vscode\ymall\ymall-order\src\main\java\com\yinn\ymall\order\dto\SpuDTO.java", "Java", 0, 0, 0, 0, 0, 0, 0, 13, 15, 5, 33
"c:\Users\75663\Documents\vscode\ymall\ymall-order\src\main\java\com\yinn\ymall\order\entity\DefaultReturnReason.java", "Java", 0, 0, 0, 0, 0, 0, 0, 17, 19, 6, 42
"c:\Users\75663\Documents\vscode\ymall\ymall-order\src\main\java\com\yinn\ymall\order\entity\Order.java", "Java", 0, 0, 0, 0, 0, 0, 0, 49, 85, 7, 141
"c:\Users\75663\Documents\vscode\ymall\ymall-order\src\main\java\com\yinn\ymall\order\entity\OrderItem.java", "Java", 0, 0, 0, 0, 0, 0, 0, 30, 43, 7, 80
"c:\Users\75663\Documents\vscode\ymall\ymall-order\src\main\java\com\yinn\ymall\order\entity\OrderOperateHistory.java", "Java", 0, 0, 0, 0, 0, 0, 0, 24, 25, 6, 55
"c:\Users\75663\Documents\vscode\ymall\ymall-order\src\main\java\com\yinn\ymall\order\entity\OrderReturnApply.java", "Java", 0, 0, 0, 0, 0, 0, 0, 46, 88, 5, 139
"c:\Users\75663\Documents\vscode\ymall\ymall-order\src\main\java\com\yinn\ymall\order\entity\PaymentInfo.java", "Java", 0, 0, 0, 0, 0, 0, 0, 29, 40, 5, 74
"c:\Users\75663\Documents\vscode\ymall\ymall-order\src\main\java\com\yinn\ymall\order\entity\RefundInfo.java", "Java", 0, 0, 0, 0, 0, 0, 0, 21, 25, 6, 52
"c:\Users\75663\Documents\vscode\ymall\ymall-order\src\main\java\com\yinn\ymall\order\exception\OrderCloseException.java", "Java", 0, 0, 0, 0, 0, 0, 0, 4, 0, 3, 7
"c:\Users\75663\Documents\vscode\ymall\ymall-order\src\main\java\com\yinn\ymall\order\exception\OrderPaymentException.java", "Java", 0, 0, 0, 0, 0, 0, 0, 4, 0, 3, 7
"c:\Users\75663\Documents\vscode\ymall\ymall-order\src\main\java\com\yinn\ymall\order\exception\OrderSubmitException.java", "Java", 0, 0, 0, 0, 0, 0, 0, 10, 0, 5, 15
"c:\Users\75663\Documents\vscode\ymall\ymall-order\src\main\java\com\yinn\ymall\order\feign\CartFeignService.java", "Java", 0, 0, 0, 0, 0, 0, 0, 11, 0, 6, 17
"c:\Users\75663\Documents\vscode\ymall\ymall-order\src\main\java\com\yinn\ymall\order\feign\MemberFeignService.java", "Java", 0, 0, 0, 0, 0, 0, 0, 14, 0, 8, 22
"c:\Users\75663\Documents\vscode\ymall\ymall-order\src\main\java\com\yinn\ymall\order\feign\PaymentFeignService.java", "Java", 0, 0, 0, 0, 0, 0, 0, 12, 0, 5, 17
"c:\Users\75663\Documents\vscode\ymall\ymall-order\src\main\java\com\yinn\ymall\order\feign\ProductFeignService.java", "Java", 0, 0, 0, 0, 0, 0, 0, 11, 0, 6, 17
"c:\Users\75663\Documents\vscode\ymall\ymall-order\src\main\java\com\yinn\ymall\order\feign\WareFeignService.java", "Java", 0, 0, 0, 0, 0, 0, 0, 16, 0, 7, 23
"c:\Users\75663\Documents\vscode\ymall\ymall-order\src\main\java\com\yinn\ymall\order\listener\OrderCloseListener.java", "Java", 0, 0, 0, 0, 0, 0, 0, 17, 0, 6, 23
"c:\Users\75663\Documents\vscode\ymall\ymall-order\src\main\java\com\yinn\ymall\order\listener\OrderPaidListener.java", "Java", 0, 0, 0, 0, 0, 0, 0, 18, 0, 7, 25
"c:\Users\75663\Documents\vscode\ymall\ymall-order\src\main\java\com\yinn\ymall\order\service\DefaultReturnReasonService.java", "Java", 0, 0, 0, 0, 0, 0, 0, 5, 7, 4, 16
"c:\Users\75663\Documents\vscode\ymall\ymall-order\src\main\java\com\yinn\ymall\order\service\OrderItemService.java", "Java", 0, 0, 0, 0, 0, 0, 0, 7, 7, 3, 17
"c:\Users\75663\Documents\vscode\ymall\ymall-order\src\main\java\com\yinn\ymall\order\service\OrderOperateHistoryService.java", "Java", 0, 0, 0, 0, 0, 0, 0, 5, 7, 4, 16
"c:\Users\75663\Documents\vscode\ymall\ymall-order\src\main\java\com\yinn\ymall\order\service\OrderReturnApplyService.java", "Java", 0, 0, 0, 0, 0, 0, 0, 5, 7, 4, 16
"c:\Users\75663\Documents\vscode\ymall\ymall-order\src\main\java\com\yinn\ymall\order\service\OrderService.java", "Java", 0, 0, 0, 0, 0, 0, 0, 17, 7, 5, 29
"c:\Users\75663\Documents\vscode\ymall\ymall-order\src\main\java\com\yinn\ymall\order\service\PaymentInfoService.java", "Java", 0, 0, 0, 0, 0, 0, 0, 6, 7, 5, 18
"c:\Users\75663\Documents\vscode\ymall\ymall-order\src\main\java\com\yinn\ymall\order\service\RefundInfoService.java", "Java", 0, 0, 0, 0, 0, 0, 0, 5, 7, 4, 16
"c:\Users\75663\Documents\vscode\ymall\ymall-order\src\main\java\com\yinn\ymall\order\service\impl\DefaultReturnReasonServiceImpl.java", "Java", 0, 0, 0, 0, 0, 0, 0, 9, 0, 4, 13
"c:\Users\75663\Documents\vscode\ymall\ymall-order\src\main\java\com\yinn\ymall\order\service\impl\OrderItemServiceImpl.java", "Java", 0, 0, 0, 0, 0, 0, 0, 30, 7, 6, 43
"c:\Users\75663\Documents\vscode\ymall\ymall-order\src\main\java\com\yinn\ymall\order\service\impl\OrderOperateHistoryServiceImpl.java", "Java", 0, 0, 0, 0, 0, 0, 0, 9, 0, 4, 13
"c:\Users\75663\Documents\vscode\ymall\ymall-order\src\main\java\com\yinn\ymall\order\service\impl\OrderReturnApplyServiceImpl.java", "Java", 0, 0, 0, 0, 0, 0, 0, 9, 0, 4, 13
"c:\Users\75663\Documents\vscode\ymall\ymall-order\src\main\java\com\yinn\ymall\order\service\impl\OrderServiceImpl.java", "Java", 0, 0, 0, 0, 0, 0, 0, 207, 37, 31, 275
"c:\Users\75663\Documents\vscode\ymall\ymall-order\src\main\java\com\yinn\ymall\order\service\impl\PaymentInfoServiceImpl.java", "Java", 0, 0, 0, 0, 0, 0, 0, 14, 0, 6, 20
"c:\Users\75663\Documents\vscode\ymall\ymall-order\src\main\java\com\yinn\ymall\order\service\impl\RefundInfoServiceImpl.java", "Java", 0, 0, 0, 0, 0, 0, 0, 9, 0, 4, 13
"c:\Users\75663\Documents\vscode\ymall\ymall-order\src\main\resources\bootstrap-dev.yml", "YAML", 0, 0, 0, 0, 0, 26, 0, 0, 0, 0, 26
"c:\Users\75663\Documents\vscode\ymall\ymall-order\src\test\java\com\yinn\ymall\order\RedisTest.java", "Java", 0, 0, 0, 0, 0, 0, 0, 0, 29, 11, 40
"c:\Users\75663\Documents\vscode\ymall\ymall-payment\pom.xml", "XML", 0, 0, 0, 66, 0, 0, 0, 0, 12, 9, 87
"c:\Users\75663\Documents\vscode\ymall\ymall-payment\src\main\java\com\yinn\ymall\payment\PaymentApplication.java", "Java", 0, 0, 0, 0, 0, 0, 0, 9, 0, 5, 14
"c:\Users\75663\Documents\vscode\ymall\ymall-payment\src\main\java\com\yinn\ymall\payment\config\PaymentConfiguration.java", "Java", 0, 0, 0, 0, 0, 0, 0, 27, 0, 6, 33
"c:\Users\75663\Documents\vscode\ymall\ymall-payment\src\main\java\com\yinn\ymall\payment\constant\WxConstant.java", "Java", 0, 0, 0, 0, 0, 0, 0, 9, 0, 1, 10
"c:\Users\75663\Documents\vscode\ymall\ymall-payment\src\main\java\com\yinn\ymall\payment\controller\PaymentController.java", "Java", 0, 0, 0, 0, 0, 0, 0, 29, 3, 8, 40
"c:\Users\75663\Documents\vscode\ymall\ymall-payment\src\main\java\com\yinn\ymall\payment\dto\OrderPaidDTO.java", "Java", 0, 0, 0, 0, 0, 0, 0, 11, 0, 3, 14
"c:\Users\75663\Documents\vscode\ymall\ymall-payment\src\main\java\com\yinn\ymall\payment\dto\PaymentInfoDTO.java", "Java", 0, 0, 0, 0, 0, 0, 0, 32, 12, 8, 52
"c:\Users\75663\Documents\vscode\ymall\ymall-payment\src\main\java\com\yinn\ymall\payment\dto\PrePaymentDTO.java", "Java", 0, 0, 0, 0, 0, 0, 0, 21, 0, 7, 28
"c:\Users\75663\Documents\vscode\ymall\ymall-payment\src\main\java\com\yinn\ymall\payment\service\PaymentService.java", "Java", 0, 0, 0, 0, 0, 0, 0, 7, 6, 4, 17
"c:\Users\75663\Documents\vscode\ymall\ymall-payment\src\main\java\com\yinn\ymall\payment\service\impl\PaymentServiceImpl.java", "Java", 0, 0, 0, 0, 0, 0, 0, 39, 2, 9, 50
"c:\Users\75663\Documents\vscode\ymall\ymall-payment\src\main\resources\bootstrap-dev.yml", "YAML", 0, 0, 0, 0, 0, 24, 0, 0, 0, 0, 24
"c:\Users\75663\Documents\vscode\ymall\ymall-payment\src\test\java\com\yinn\ymall\payment\PaymentServiceTest.java", "Java", 0, 0, 0, 0, 0, 0, 0, 0, 14, 7, 21
"c:\Users\75663\Documents\vscode\ymall\ymall-product\pom.xml", "XML", 0, 0, 0, 61, 0, 0, 0, 0, 8, 6, 75
"c:\Users\75663\Documents\vscode\ymall\ymall-product\src\main\java\com\yinn\ymall\product\ProductApplication.java", "Java", 0, 0, 0, 0, 0, 0, 0, 9, 0, 5, 14
"c:\Users\75663\Documents\vscode\ymall\ymall-product\src\main\java\com\yinn\ymall\product\config\RedisConfiguration.java", "Java", 0, 0, 0, 0, 0, 0, 0, 35, 2, 3, 40
"c:\Users\75663\Documents\vscode\ymall\ymall-product\src\main\java\com\yinn\ymall\product\constant\AttrTypeEnum.java", "Java", 0, 0, 0, 0, 0, 0, 0, 15, 0, 4, 19
"c:\Users\75663\Documents\vscode\ymall\ymall-product\src\main\java\com\yinn\ymall\product\constant\PublishStatusEnum.java", "Java", 0, 0, 0, 0, 0, 0, 0, 15, 0, 5, 20
"c:\Users\75663\Documents\vscode\ymall\ymall-product\src\main\java\com\yinn\ymall\product\constant\RedisConstant.java", "Java", 0, 0, 0, 0, 0, 0, 0, 7, 0, 3, 10
"c:\Users\75663\Documents\vscode\ymall\ymall-product\src\main\java\com\yinn\ymall\product\constant\SearchTypeEnum.java", "Java", 0, 0, 0, 0, 0, 0, 0, 15, 0, 4, 19
"c:\Users\75663\Documents\vscode\ymall\ymall-product\src\main\java\com\yinn\ymall\product\constant\VerifyStatusEnum.java", "Java", 0, 0, 0, 0, 0, 0, 0, 15, 0, 5, 20
"c:\Users\75663\Documents\vscode\ymall\ymall-product\src\main\java\com\yinn\ymall\product\controller\AttrAttrGroupRelationController.java", "Java", 0, 0, 0, 0, 0, 0, 0, 45, 0, 10, 55
"c:\Users\75663\Documents\vscode\ymall\ymall-product\src\main\java\com\yinn\ymall\product\controller\AttrGroupController.java", "Java", 0, 0, 0, 0, 0, 0, 0, 70, 3, 15, 88
"c:\Users\75663\Documents\vscode\ymall\ymall-product\src\main\java\com\yinn\ymall\product\controller\AttributeController.java", "Java", 0, 0, 0, 0, 0, 0, 0, 77, 0, 16, 93
"c:\Users\75663\Documents\vscode\ymall\ymall-product\src\main\java\com\yinn\ymall\product\controller\BrandCategoryRelationController.java", "Java", 0, 0, 0, 0, 0, 0, 0, 40, 0, 12, 52
"c:\Users\75663\Documents\vscode\ymall\ymall-product\src\main\java\com\yinn\ymall\product\controller\BrandController.java", "Java", 0, 0, 0, 0, 0, 0, 0, 67, 0, 14, 81
"c:\Users\75663\Documents\vscode\ymall\ymall-product\src\main\java\com\yinn\ymall\product\controller\CategoryController.java", "Java", 0, 0, 0, 0, 0, 0, 0, 68, 0, 16, 84
"c:\Users\75663\Documents\vscode\ymall\ymall-product\src\main\java\com\yinn\ymall\product\controller\SkuAttrValueController.java", "Java", 0, 0, 0, 0, 0, 0, 0, 22, 0, 7, 29
"c:\Users\75663\Documents\vscode\ymall\ymall-product\src\main\java\com\yinn\ymall\product\controller\SkuController.java", "Java", 0, 0, 0, 0, 0, 0, 0, 42, 0, 12, 54
"c:\Users\75663\Documents\vscode\ymall\ymall-product\src\main\java\com\yinn\ymall\product\controller\SpuAttrValueController.java", "Java", 0, 0, 0, 0, 0, 0, 0, 32, 0, 9, 41
"c:\Users\75663\Documents\vscode\ymall\ymall-product\src\main\java\com\yinn\ymall\product\controller\SpuController.java", "Java", 0, 0, 0, 0, 0, 0, 0, 46, 0, 10, 56
"c:\Users\75663\Documents\vscode\ymall\ymall-product\src\main\java\com\yinn\ymall\product\dao\AttrAttrGroupRelationDao.java", "Java", 0, 0, 0, 0, 0, 0, 0, 7, 7, 3, 17
"c:\Users\75663\Documents\vscode\ymall\ymall-product\src\main\java\com\yinn\ymall\product\dao\AttrGroupDao.java", "Java", 0, 0, 0, 0, 0, 0, 0, 10, 7, 6, 23
"c:\Users\75663\Documents\vscode\ymall\ymall-product\src\main\java\com\yinn\ymall\product\dao\AttributeDao.java", "Java", 0, 0, 0, 0, 0, 0, 0, 19, 7, 6, 32
"c:\Users\75663\Documents\vscode\ymall\ymall-product\src\main\java\com\yinn\ymall\product\dao\BrandCategoryRelationDao.java", "Java", 0, 0, 0, 0, 0, 0, 0, 7, 7, 3, 17
"c:\Users\75663\Documents\vscode\ymall\ymall-product\src\main\java\com\yinn\ymall\product\dao\BrandDao.java", "Java", 0, 0, 0, 0, 0, 0, 0, 19, 7, 6, 32
"c:\Users\75663\Documents\vscode\ymall\ymall-product\src\main\java\com\yinn\ymall\product\dao\CategoryDao.java", "Java", 0, 0, 0, 0, 0, 0, 0, 7, 7, 3, 17
"c:\Users\75663\Documents\vscode\ymall\ymall-product\src\main\java\com\yinn\ymall\product\dao\CommentDao.java", "Java", 0, 0, 0, 0, 0, 0, 0, 7, 7, 3, 17
"c:\Users\75663\Documents\vscode\ymall\ymall-product\src\main\java\com\yinn\ymall\product\dao\CommentReplayDao.java", "Java", 0, 0, 0, 0, 0, 0, 0, 7, 7, 3, 17
"c:\Users\75663\Documents\vscode\ymall\ymall-product\src\main\java\com\yinn\ymall\product\dao\SkuAttrValueDao.java", "Java", 0, 0, 0, 0, 0, 0, 0, 21, 7, 7, 35
"c:\Users\75663\Documents\vscode\ymall\ymall-product\src\main\java\com\yinn\ymall\product\dao\SkuDao.java", "Java", 0, 0, 0, 0, 0, 0, 0, 7, 7, 3, 17
"c:\Users\75663\Documents\vscode\ymall\ymall-product\src\main\java\com\yinn\ymall\product\dao\SkuImageDao.java", "Java", 0, 0, 0, 0, 0, 0, 0, 7, 7, 3, 17
"c:\Users\75663\Documents\vscode\ymall\ymall-product\src\main\java\com\yinn\ymall\product\dao\SpuAttrValueDao.java", "Java", 0, 0, 0, 0, 0, 0, 0, 7, 7, 3, 17
"c:\Users\75663\Documents\vscode\ymall\ymall-product\src\main\java\com\yinn\ymall\product\dao\SpuDao.java", "Java", 0, 0, 0, 0, 0, 0, 0, 7, 7, 3, 17
"c:\Users\75663\Documents\vscode\ymall\ymall-product\src\main\java\com\yinn\ymall\product\dto\AttrGroupDTO.java", "Java", 0, 0, 0, 0, 0, 0, 0, 25, 21, 8, 54
"c:\Users\75663\Documents\vscode\ymall\ymall-product\src\main\java\com\yinn\ymall\product\dto\AttrGroupPageQueryDTO.java", "Java", 0, 0, 0, 0, 0, 0, 0, 18, 0, 9, 27
"c:\Users\75663\Documents\vscode\ymall\ymall-product\src\main\java\com\yinn\ymall\product\dto\AttrPageQueryDTO.java", "Java", 0, 0, 0, 0, 0, 0, 0, 21, 0, 8, 29
"c:\Users\75663\Documents\vscode\ymall\ymall-product\src\main\java\com\yinn\ymall\product\dto\AttributeDTO.java", "Java", 0, 0, 0, 0, 0, 0, 0, 56, 30, 15, 101
"c:\Users\75663\Documents\vscode\ymall\ymall-product\src\main\java\com\yinn\ymall\product\dto\BrandCategoryRelationDTO.java", "Java", 0, 0, 0, 0, 0, 0, 0, 21, 15, 8, 44
"c:\Users\75663\Documents\vscode\ymall\ymall-product\src\main\java\com\yinn\ymall\product\dto\BrandPageQueryDTO.java", "Java", 0, 0, 0, 0, 0, 0, 0, 16, 0, 4, 20
"c:\Users\75663\Documents\vscode\ymall\ymall-product\src\main\java\com\yinn\ymall\product\dto\ItemDTO.java", "Java", 0, 0, 0, 0, 0, 0, 0, 34, 15, 8, 57
"c:\Users\75663\Documents\vscode\ymall\ymall-product\src\main\java\com\yinn\ymall\product\dto\SkuDTO.java", "Java", 0, 0, 0, 0, 0, 0, 0, 24, 18, 7, 49
"c:\Users\75663\Documents\vscode\ymall\ymall-product\src\main\java\com\yinn\ymall\product\dto\SkuPageQueryDTO.java", "Java", 0, 0, 0, 0, 0, 0, 0, 16, 15, 5, 36
"c:\Users\75663\Documents\vscode\ymall\ymall-product\src\main\java\com\yinn\ymall\product\dto\SkuStockDTO.java", "Java", 0, 0, 0, 0, 0, 0, 0, 12, 9, 2, 23
"c:\Users\75663\Documents\vscode\ymall\ymall-product\src\main\java\com\yinn\ymall\product\dto\SpuAttrValueDTO.java", "Java", 0, 0, 0, 0, 0, 0, 0, 18, 12, 7, 37
"c:\Users\75663\Documents\vscode\ymall\ymall-product\src\main\java\com\yinn\ymall\product\dto\SpuDTO.java", "Java", 0, 0, 0, 0, 0, 0, 0, 24, 24, 6, 54
"c:\Users\75663\Documents\vscode\ymall\ymall-product\src\main\java\com\yinn\ymall\product\dto\SpuPageQueryDTO.java", "Java", 0, 0, 0, 0, 0, 0, 0, 16, 0, 6, 22
"c:\Users\75663\Documents\vscode\ymall\ymall-product\src\main\java\com\yinn\ymall\product\entity\AttrAttrGroupRelation.java", "Java", 0, 0, 0, 0, 0, 0, 0, 17, 19, 6, 42
"c:\Users\75663\Documents\vscode\ymall\ymall-product\src\main\java\com\yinn\ymall\product\entity\AttrGroup.java", "Java", 0, 0, 0, 0, 0, 0, 0, 19, 25, 6, 50
"c:\Users\75663\Documents\vscode\ymall\ymall-product\src\main\java\com\yinn\ymall\product\entity\Attribute.java", "Java", 0, 0, 0, 0, 0, 0, 0, 23, 31, 6, 60
"c:\Users\75663\Documents\vscode\ymall\ymall-product\src\main\java\com\yinn\ymall\product\entity\Brand.java", "Java", 0, 0, 0, 0, 0, 0, 0, 27, 25, 8, 60
"c:\Users\75663\Documents\vscode\ymall\ymall-product\src\main\java\com\yinn\ymall\product\entity\BrandCategoryRelation.java", "Java", 0, 0, 0, 0, 0, 0, 0, 21, 22, 6, 49
"c:\Users\75663\Documents\vscode\ymall\ymall-product\src\main\java\com\yinn\ymall\product\entity\Category.java", "Java", 0, 0, 0, 0, 0, 0, 0, 30, 40, 7, 77
"c:\Users\75663\Documents\vscode\ymall\ymall-product\src\main\java\com\yinn\ymall\product\entity\Comment.java", "Java", 0, 0, 0, 0, 0, 0, 0, 28, 46, 7, 81
"c:\Users\75663\Documents\vscode\ymall\ymall-product\src\main\java\com\yinn\ymall\product\entity\CommentReplay.java", "Java", 0, 0, 0, 0, 0, 0, 0, 14, 16, 6, 36
"c:\Users\75663\Documents\vscode\ymall\ymall-product\src\main\java\com\yinn\ymall\product\entity\Sku.java", "Java", 0, 0, 0, 0, 0, 0, 0, 23, 40, 6, 69
"c:\Users\75663\Documents\vscode\ymall\ymall-product\src\main\java\com\yinn\ymall\product\entity\SkuAttrValue.java", "Java", 0, 0, 0, 0, 0, 0, 0, 19, 25, 6, 50
"c:\Users\75663\Documents\vscode\ymall\ymall-product\src\main\java\com\yinn\ymall\product\entity\SkuImage.java", "Java", 0, 0, 0, 0, 0, 0, 0, 18, 22, 6, 46
"c:\Users\75663\Documents\vscode\ymall\ymall-product\src\main\java\com\yinn\ymall\product\entity\Spu.java", "Java", 0, 0, 0, 0, 0, 0, 0, 32, 46, 6, 84
"c:\Users\75663\Documents\vscode\ymall\ymall-product\src\main\java\com\yinn\ymall\product\entity\SpuAttrValue.java", "Java", 0, 0, 0, 0, 0, 0, 0, 27, 28, 8, 63
"c:\Users\75663\Documents\vscode\ymall\ymall-product\src\main\java\com\yinn\ymall\product\feign\SearchFeignService.java", "Java", 0, 0, 0, 0, 0, 0, 0, 12, 0, 7, 19
"c:\Users\75663\Documents\vscode\ymall\ymall-product\src\main\java\com\yinn\ymall\product\feign\WareFeignService.java", "Java", 0, 0, 0, 0, 0, 0, 0, 16, 0, 6, 22
"c:\Users\75663\Documents\vscode\ymall\ymall-product\src\main\java\com\yinn\ymall\product\service\AttrAttrGroupRelationService.java", "Java", 0, 0, 0, 0, 0, 0, 0, 12, 7, 12, 31
"c:\Users\75663\Documents\vscode\ymall\ymall-product\src\main\java\com\yinn\ymall\product\service\AttrGroupService.java", "Java", 0, 0, 0, 0, 0, 0, 0, 14, 7, 9, 30
"c:\Users\75663\Documents\vscode\ymall\ymall-product\src\main\java\com\yinn\ymall\product\service\AttributeService.java", "Java", 0, 0, 0, 0, 0, 0, 0, 14, 7, 8, 29
"c:\Users\75663\Documents\vscode\ymall\ymall-product\src\main\java\com\yinn\ymall\product\service\BrandCategoryRelationService.java", "Java", 0, 0, 0, 0, 0, 0, 0, 8, 7, 6, 21
"c:\Users\75663\Documents\vscode\ymall\ymall-product\src\main\java\com\yinn\ymall\product\service\BrandService.java", "Java", 0, 0, 0, 0, 0, 0, 0, 10, 7, 7, 24
"c:\Users\75663\Documents\vscode\ymall\ymall-product\src\main\java\com\yinn\ymall\product\service\CategoryService.java", "Java", 0, 0, 0, 0, 0, 0, 0, 8, 7, 7, 22
"c:\Users\75663\Documents\vscode\ymall\ymall-product\src\main\java\com\yinn\ymall\product\service\CommentReplayService.java", "Java", 0, 0, 0, 0, 0, 0, 0, 5, 7, 4, 16
"c:\Users\75663\Documents\vscode\ymall\ymall-product\src\main\java\com\yinn\ymall\product\service\CommentService.java", "Java", 0, 0, 0, 0, 0, 0, 0, 5, 7, 4, 16
"c:\Users\75663\Documents\vscode\ymall\ymall-product\src\main\java\com\yinn\ymall\product\service\SkuAttrValueService.java", "Java", 0, 0, 0, 0, 0, 0, 0, 9, 7, 7, 23
"c:\Users\75663\Documents\vscode\ymall\ymall-product\src\main\java\com\yinn\ymall\product\service\SkuImageService.java", "Java", 0, 0, 0, 0, 0, 0, 0, 7, 7, 6, 20
"c:\Users\75663\Documents\vscode\ymall\ymall-product\src\main\java\com\yinn\ymall\product\service\SkuService.java", "Java", 0, 0, 0, 0, 0, 0, 0, 17, 13, 8, 38
"c:\Users\75663\Documents\vscode\ymall\ymall-product\src\main\java\com\yinn\ymall\product\service\SpuAttrValueService.java", "Java", 0, 0, 0, 0, 0, 0, 0, 11, 7, 9, 27
"c:\Users\75663\Documents\vscode\ymall\ymall-product\src\main\java\com\yinn\ymall\product\service\SpuService.java", "Java", 0, 0, 0, 0, 0, 0, 0, 12, 13, 7, 32
"c:\Users\75663\Documents\vscode\ymall\ymall-product\src\main\java\com\yinn\ymall\product\service\impl\AttrAttrGroupRelationServiceImpl.java", "Java", 0, 0, 0, 0, 0, 0, 0, 55, 12, 12, 79
"c:\Users\75663\Documents\vscode\ymall\ymall-product\src\main\java\com\yinn\ymall\product\service\impl\AttrGroupServiceImpl.java", "Java", 0, 0, 0, 0, 0, 0, 0, 46, 17, 10, 73
"c:\Users\75663\Documents\vscode\ymall\ymall-product\src\main\java\com\yinn\ymall\product\service\impl\AttributeServiceImpl.java", "Java", 0, 0, 0, 0, 0, 0, 0, 71, 6, 12, 89
"c:\Users\75663\Documents\vscode\ymall\ymall-product\src\main\java\com\yinn\ymall\product\service\impl\BrandCategoryRelationServiceImpl.java", "Java", 0, 0, 0, 0, 0, 0, 0, 30, 2, 8, 40
"c:\Users\75663\Documents\vscode\ymall\ymall-product\src\main\java\com\yinn\ymall\product\service\impl\BrandServiceImpl.java", "Java", 0, 0, 0, 0, 0, 0, 0, 26, 0, 6, 32
"c:\Users\75663\Documents\vscode\ymall\ymall-product\src\main\java\com\yinn\ymall\product\service\impl\CategoryServiceImpl.java", "Java", 0, 0, 0, 0, 0, 0, 0, 73, 4, 13, 90
"c:\Users\75663\Documents\vscode\ymall\ymall-product\src\main\java\com\yinn\ymall\product\service\impl\CommentReplayServiceImpl.java", "Java", 0, 0, 0, 0, 0, 0, 0, 9, 0, 4, 13
"c:\Users\75663\Documents\vscode\ymall\ymall-product\src\main\java\com\yinn\ymall\product\service\impl\CommentServiceImpl.java", "Java", 0, 0, 0, 0, 0, 0, 0, 9, 0, 4, 13
"c:\Users\75663\Documents\vscode\ymall\ymall-product\src\main\java\com\yinn\ymall\product\service\impl\SkuAttrValueServiceImpl.java", "Java", 0, 0, 0, 0, 0, 0, 0, 25, 2, 8, 35
"c:\Users\75663\Documents\vscode\ymall\ymall-product\src\main\java\com\yinn\ymall\product\service\impl\SkuImageServiceImpl.java", "Java", 0, 0, 0, 0, 0, 0, 0, 15, 0, 6, 21
"c:\Users\75663\Documents\vscode\ymall\ymall-product\src\main\java\com\yinn\ymall\product\service\impl\SkuServiceImpl.java", "Java", 0, 0, 0, 0, 0, 0, 0, 117, 16, 20, 153
"c:\Users\75663\Documents\vscode\ymall\ymall-product\src\main\java\com\yinn\ymall\product\service\impl\SpuAttrValueServiceImpl.java", "Java", 0, 0, 0, 0, 0, 0, 0, 49, 8, 11, 68
"c:\Users\75663\Documents\vscode\ymall\ymall-product\src\main\java\com\yinn\ymall\product\service\impl\SpuServiceImpl.java", "Java", 0, 0, 0, 0, 0, 0, 0, 131, 30, 19, 180
"c:\Users\75663\Documents\vscode\ymall\ymall-product\src\main\resources\bootstrap-dev.yml", "YAML", 0, 0, 0, 0, 0, 26, 0, 0, 0, 0, 26
"c:\Users\75663\Documents\vscode\ymall\ymall-product\src\main\resources\mapper\AttrGroupDao.xml", "XML", 0, 0, 0, 24, 0, 0, 0, 0, 0, 1, 25
"c:\Users\75663\Documents\vscode\ymall\ymall-product\src\main\resources\mapper\SkuAttrValueDao.xml", "XML", 0, 0, 0, 28, 0, 0, 0, 0, 0, 1, 29
"c:\Users\75663\Documents\vscode\ymall\ymall-product\src\test\java\com\yinn\ymall\product\service\AttrGroupServiceTest.java", "Java", 0, 0, 0, 0, 0, 0, 0, 0, 13, 4, 17
"c:\Users\75663\Documents\vscode\ymall\ymall-product\src\test\java\com\yinn\ymall\product\service\BrandServiceTest.java", "Java", 0, 0, 0, 0, 0, 0, 0, 0, 14, 4, 18
"c:\Users\75663\Documents\vscode\ymall\ymall-product\src\test\java\com\yinn\ymall\product\service\CategoryServiceTest.java", "Java", 0, 0, 0, 0, 0, 0, 0, 0, 18, 5, 23
"c:\Users\75663\Documents\vscode\ymall\ymall-product\src\test\java\com\yinn\ymall\product\service\CommentServiceTest.java", "Java", 0, 0, 0, 0, 0, 0, 0, 0, 16, 6, 22
"c:\Users\75663\Documents\vscode\ymall\ymall-product\src\test\java\com\yinn\ymall\product\service\SkuAttrValueServiceTest.java", "Java", 0, 0, 0, 0, 0, 0, 0, 0, 17, 5, 22
"c:\Users\75663\Documents\vscode\ymall\ymall-search\pom.xml", "XML", 0, 0, 0, 57, 0, 0, 0, 0, 8, 6, 71
"c:\Users\75663\Documents\vscode\ymall\ymall-search\src\main\java\com\yinn\ymall\search\SearchApplication.java", "Java", 0, 0, 0, 0, 0, 0, 0, 9, 0, 5, 14
"c:\Users\75663\Documents\vscode\ymall\ymall-search\src\main\java\com\yinn\ymall\search\config\EsConfiguration.java", "Java", 0, 0, 0, 0, 0, 0, 0, 26, 8, 6, 40
"c:\Users\75663\Documents\vscode\ymall\ymall-search\src\main\java\com\yinn\ymall\search\constant\EsConstant.java", "Java", 0, 0, 0, 0, 0, 0, 0, 5, 3, 1, 9
"c:\Users\75663\Documents\vscode\ymall\ymall-search\src\main\java\com\yinn\ymall\search\controller\EsController.java", "Java", 0, 0, 0, 0, 0, 0, 0, 36, 0, 10, 46
"c:\Users\75663\Documents\vscode\ymall\ymall-search\src\main\java\com\yinn\ymall\search\controller\ExceptionControllerAdvice.java", "Java", 0, 0, 0, 0, 0, 0, 0, 22, 6, 8, 36
"c:\Users\75663\Documents\vscode\ymall\ymall-search\src\main\java\com\yinn\ymall\search\dto\SearchParamDTO.java", "Java", 0, 0, 0, 0, 0, 0, 0, 23, 18, 3, 44
"c:\Users\75663\Documents\vscode\ymall\ymall-search\src\main\java\com\yinn\ymall\search\dto\SearchResultDTO.java", "Java", 0, 0, 0, 0, 0, 0, 0, 37, 24, 9, 70
"c:\Users\75663\Documents\vscode\ymall\ymall-search\src\main\java\com\yinn\ymall\search\exception\EsSearchFailException.java", "Java", 0, 0, 0, 0, 0, 0, 0, 7, 0, 3, 10
"c:\Users\75663\Documents\vscode\ymall\ymall-search\src\main\java\com\yinn\ymall\search\exception\ProductUpException.java", "Java", 0, 0, 0, 0, 0, 0, 0, 7, 0, 3, 10
"c:\Users\75663\Documents\vscode\ymall\ymall-search\src\main\java\com\yinn\ymall\search\service\ProductService.java", "Java", 0, 0, 0, 0, 0, 0, 0, 6, 0, 3, 9
"c:\Users\75663\Documents\vscode\ymall\ymall-search\src\main\java\com\yinn\ymall\search\service\SearchService.java", "Java", 0, 0, 0, 0, 0, 0, 0, 6, 0, 2, 8
"c:\Users\75663\Documents\vscode\ymall\ymall-search\src\main\java\com\yinn\ymall\search\service\impl\ProductServiceImpl.java", "Java", 0, 0, 0, 0, 0, 0, 0, 44, 0, 7, 51
"c:\Users\75663\Documents\vscode\ymall\ymall-search\src\main\java\com\yinn\ymall\search\service\impl\SearchServiceImpl.java", "Java", 0, 0, 0, 0, 0, 0, 0, 189, 34, 17, 240
"c:\Users\75663\Documents\vscode\ymall\ymall-search\src\main\resources\bootstrap-dev.yml", "YAML", 0, 0, 0, 0, 0, 22, 0, 0, 0, 0, 22
"c:\Users\75663\Documents\vscode\ymall\ymall-search\src\test\java\com\yinn\ymall\search\EsTest.java", "Java", 0, 0, 0, 0, 0, 0, 0, 0, 14, 2, 16
"c:\Users\75663\Documents\vscode\ymall\ymall-third\pom.xml", "XML", 0, 0, 0, 62, 0, 0, 0, 0, 10, 7, 79
"c:\Users\75663\Documents\vscode\ymall\ymall-third\src\main\java\com\yinn\ymall\third\ThirdApplication.java", "Java", 0, 0, 0, 0, 0, 0, 0, 9, 0, 5, 14
"c:\Users\75663\Documents\vscode\ymall\ymall-third\src\main\java\com\yinn\ymall\third\config\property\SmsProperties.java", "Java", 0, 0, 0, 0, 0, 0, 0, 15, 0, 3, 18
"c:\Users\75663\Documents\vscode\ymall\ymall-third\src\main\java\com\yinn\ymall\third\controller\ExceptionControllerAdvice.java", "Java", 0, 0, 0, 0, 0, 0, 0, 13, 5, 5, 23
"c:\Users\75663\Documents\vscode\ymall\ymall-third\src\main\java\com\yinn\ymall\third\controller\OssController.java", "Java", 0, 0, 0, 0, 0, 0, 0, 22, 0, 7, 29
"c:\Users\75663\Documents\vscode\ymall\ymall-third\src\main\java\com\yinn\ymall\third\controller\SmsController.java", "Java", 0, 0, 0, 0, 0, 0, 0, 22, 0, 6, 28
"c:\Users\75663\Documents\vscode\ymall\ymall-third\src\main\java\com\yinn\ymall\third\dto\SignatureDTO.java", "Java", 0, 0, 0, 0, 0, 0, 0, 13, 0, 2, 15
"c:\Users\75663\Documents\vscode\ymall\ymall-third\src\main\java\com\yinn\ymall\third\service\OssService.java", "Java", 0, 0, 0, 0, 0, 0, 0, 5, 0, 2, 7
"c:\Users\75663\Documents\vscode\ymall\ymall-third\src\main\java\com\yinn\ymall\third\service\SmsService.java", "Java", 0, 0, 0, 0, 0, 0, 0, 4, 0, 1, 5
"c:\Users\75663\Documents\vscode\ymall\ymall-third\src\main\java\com\yinn\ymall\third\service\impl\OssServiceImpl.java", "Java", 0, 0, 0, 0, 0, 0, 0, 55, 4, 11, 70
"c:\Users\75663\Documents\vscode\ymall\ymall-third\src\main\java\com\yinn\ymall\third\service\impl\SmsServiceImpl.java", "Java", 0, 0, 0, 0, 0, 0, 0, 55, 4, 10, 69
"c:\Users\75663\Documents\vscode\ymall\ymall-third\src\main\resources\bootstrap-dev.yml", "YAML", 0, 0, 0, 0, 0, 22, 0, 0, 0, 3, 25
"c:\Users\75663\Documents\vscode\ymall\ymall-third\src\test\java\com\yinn\ymall\third\service\SmsServiceTest.java", "Java", 0, 0, 0, 0, 0, 0, 0, 0, 13, 4, 17
"c:\Users\75663\Documents\vscode\ymall\ymall-uaa\pom.xml", "XML", 0, 0, 0, 83, 0, 0, 0, 0, 10, 7, 100
"c:\Users\75663\Documents\vscode\ymall\ymall-uaa\src\main\java\com\yinn\ymall\uaa\UaaApplication.java", "Java", 0, 0, 0, 0, 0, 0, 0, 9, 0, 5, 14
"c:\Users\75663\Documents\vscode\ymall\ymall-uaa\src\main\java\com\yinn\ymall\uaa\config\AuthorizationServerConfiguration.java", "Java", 0, 0, 0, 0, 0, 0, 0, 41, 0, 9, 50
"c:\Users\75663\Documents\vscode\ymall\ymall-uaa\src\main\java\com\yinn\ymall\uaa\config\KeyConfiguration.java", "Java", 0, 0, 0, 0, 0, 0, 0, 25, 0, 4, 29
"c:\Users\75663\Documents\vscode\ymall\ymall-uaa\src\main\java\com\yinn\ymall\uaa\config\RestTemplateConfiguration.java", "Java", 0, 0, 0, 0, 0, 0, 0, 11, 0, 4, 15
"c:\Users\75663\Documents\vscode\ymall\ymall-uaa\src\main\java\com\yinn\ymall\uaa\config\TokenConfiguration.java", "Java", 0, 0, 0, 0, 0, 0, 0, 46, 0, 13, 59
"c:\Users\75663\Documents\vscode\ymall\ymall-uaa\src\main\java\com\yinn\ymall\uaa\config\WebSecurityConfiguration.java", "Java", 0, 0, 0, 0, 0, 0, 0, 15, 16, 3, 34
"c:\Users\75663\Documents\vscode\ymall\ymall-uaa\src\main\java\com\yinn\ymall\uaa\constant\RedisConstant.java", "Java", 0, 0, 0, 0, 0, 0, 0, 5, 6, 2, 13
"c:\Users\75663\Documents\vscode\ymall\ymall-uaa\src\main\java\com\yinn\ymall\uaa\controller\ExceptionControllerAdvice.java", "Java", 0, 0, 0, 0, 0, 0, 0, 23, 5, 7, 35
"c:\Users\75663\Documents\vscode\ymall\ymall-uaa\src\main\java\com\yinn\ymall\uaa\controller\LoginController.java", "Java", 0, 0, 0, 0, 0, 0, 0, 32, 0, 10, 42
"c:\Users\75663\Documents\vscode\ymall\ymall-uaa\src\main\java\com\yinn\ymall\uaa\controller\RegisterController.java", "Java", 0, 0, 0, 0, 0, 0, 0, 39, 0, 10, 49
"c:\Users\75663\Documents\vscode\ymall\ymall-uaa\src\main\java\com\yinn\ymall\uaa\dto\UserDetailsDTO.java", "Java", 0, 0, 0, 0, 0, 0, 0, 52, 2, 16, 70
"c:\Users\75663\Documents\vscode\ymall\ymall-uaa\src\main\java\com\yinn\ymall\uaa\dto\UserRegisterDTO.java", "Java", 0, 0, 0, 0, 0, 0, 0, 20, 0, 2, 22
"c:\Users\75663\Documents\vscode\ymall\ymall-uaa\src\main\java\com\yinn\ymall\uaa\dto\UsernameLoginDTO.java", "Java", 0, 0, 0, 0, 0, 0, 0, 7, 0, 2, 9
"c:\Users\75663\Documents\vscode\ymall\ymall-uaa\src\main\java\com\yinn\ymall\uaa\dto\WxMiniLoginDTO.java", "Java", 0, 0, 0, 0, 0, 0, 0, 7, 0, 2, 9
"c:\Users\75663\Documents\vscode\ymall\ymall-uaa\src\main\java\com\yinn\ymall\uaa\endpoint\JwtEndpoint.java", "Java", 0, 0, 0, 0, 0, 0, 0, 22, 0, 7, 29
"c:\Users\75663\Documents\vscode\ymall\ymall-uaa\src\main\java\com\yinn\ymall\uaa\exception\UserOAuthLoginException.java", "Java", 0, 0, 0, 0, 0, 0, 0, 4, 0, 3, 7
"c:\Users\75663\Documents\vscode\ymall\ymall-uaa\src\main\java\com\yinn\ymall\uaa\feign\MemberFeignService.java", "Java", 0, 0, 0, 0, 0, 0, 0, 15, 0, 6, 21
"c:\Users\75663\Documents\vscode\ymall\ymall-uaa\src\main\java\com\yinn\ymall\uaa\feign\ThirdFeignService.java", "Java", 0, 0, 0, 0, 0, 0, 0, 10, 0, 5, 15
"c:\Users\75663\Documents\vscode\ymall\ymall-uaa\src\main\java\com\yinn\ymall\uaa\service\OAuthService.java", "Java", 0, 0, 0, 0, 0, 0, 0, 4, 0, 1, 5
"c:\Users\75663\Documents\vscode\ymall\ymall-uaa\src\main\java\com\yinn\ymall\uaa\service\SmsService.java", "Java", 0, 0, 0, 0, 0, 0, 0, 5, 0, 1, 6
"c:\Users\75663\Documents\vscode\ymall\ymall-uaa\src\main\java\com\yinn\ymall\uaa\service\UsernameLoginService.java", "Java", 0, 0, 0, 0, 0, 0, 0, 5, 0, 2, 7
"c:\Users\75663\Documents\vscode\ymall\ymall-uaa\src\main\java\com\yinn\ymall\uaa\service\WxMiniLoginService.java", "Java", 0, 0, 0, 0, 0, 0, 0, 5, 0, 2, 7
"c:\Users\75663\Documents\vscode\ymall\ymall-uaa\src\main\java\com\yinn\ymall\uaa\service\WxMiniService.java", "Java", 0, 0, 0, 0, 0, 0, 0, 4, 0, 1, 5
"c:\Users\75663\Documents\vscode\ymall\ymall-uaa\src\main\java\com\yinn\ymall\uaa\service\impl\OAuthServiceImpl.java", "Java", 0, 0, 0, 0, 0, 0, 0, 28, 0, 7, 35
"c:\Users\75663\Documents\vscode\ymall\ymall-uaa\src\main\java\com\yinn\ymall\uaa\service\impl\SmsServiceImpl.java", "Java", 0, 0, 0, 0, 0, 0, 0, 48, 24, 12, 84
"c:\Users\75663\Documents\vscode\ymall\ymall-uaa\src\main\java\com\yinn\ymall\uaa\service\impl\UserDetailsServiceImpl.java", "Java", 0, 0, 0, 0, 0, 0, 0, 16, 0, 6, 22
"c:\Users\75663\Documents\vscode\ymall\ymall-uaa\src\main\java\com\yinn\ymall\uaa\service\impl\UsernameLoginServiceImpl.java", "Java", 0, 0, 0, 0, 0, 0, 0, 15, 0, 6, 21
"c:\Users\75663\Documents\vscode\ymall\ymall-uaa\src\main\java\com\yinn\ymall\uaa\service\impl\WxMiniLoginServiceImpl.java", "Java", 0, 0, 0, 0, 0, 0, 0, 19, 0, 8, 27
"c:\Users\75663\Documents\vscode\ymall\ymall-uaa\src\main\java\com\yinn\ymall\uaa\service\impl\WxMiniServiceImpl.java", "Java", 0, 0, 0, 0, 0, 0, 0, 41, 2, 9, 52
"c:\Users\75663\Documents\vscode\ymall\ymall-uaa\src\main\resources\bootstrap-dev.yml", "YAML", 0, 0, 0, 0, 0, 24, 0, 0, 0, 2, 26
"c:\Users\75663\Documents\vscode\ymall\ymall-uaa\src\test\java\com\yinn\yamll\uaa\service\UserControllerTest.java", "Java", 0, 0, 0, 0, 0, 0, 0, 0, 48, 10, 58
"c:\Users\75663\Documents\vscode\ymall\ymall-ware\pom.xml", "XML", 0, 0, 0, 58, 0, 0, 0, 0, 8, 7, 73
"c:\Users\75663\Documents\vscode\ymall\ymall-ware\src\main\java\com\yinn\ymall\ware\WareApplication.java", "Java", 0, 0, 0, 0, 0, 0, 0, 9, 0, 5, 14
"c:\Users\75663\Documents\vscode\ymall\ymall-ware\src\main\java\com\yinn\ymall\ware\constant\OrderStatusEnum.java", "Java", 0, 0, 0, 0, 0, 0, 0, 15, 0, 6, 21
"c:\Users\75663\Documents\vscode\ymall\ymall-ware\src\main\java\com\yinn\ymall\ware\constant\OrderTaskStatusEnum.java", "Java", 0, 0, 0, 0, 0, 0, 0, 17, 0, 6, 23
"c:\Users\75663\Documents\vscode\ymall\ymall-ware\src\main\java\com\yinn\ymall\ware\constant\PaymentTypeEnum.java", "Java", 0, 0, 0, 0, 0, 0, 0, 16, 0, 6, 22
"c:\Users\75663\Documents\vscode\ymall\ymall-ware\src\main\java\com\yinn\ymall\ware\controller\ExceptionControllerAdvice.java", "Java", 0, 0, 0, 0, 0, 0, 0, 15, 5, 6, 26
"c:\Users\75663\Documents\vscode\ymall\ymall-ware\src\main\java\com\yinn\ymall\ware\controller\FreightController.java", "Java", 0, 0, 0, 0, 0, 0, 0, 23, 0, 8, 31
"c:\Users\75663\Documents\vscode\ymall\ymall-ware\src\main\java\com\yinn\ymall\ware\controller\SkuStockController.java", "Java", 0, 0, 0, 0, 0, 0, 0, 53, 0, 12, 65
"c:\Users\75663\Documents\vscode\ymall\ymall-ware\src\main\java\com\yinn\ymall\ware\dao\OrderTaskDao.java", "Java", 0, 0, 0, 0, 0, 0, 0, 7, 7, 3, 17
"c:\Users\75663\Documents\vscode\ymall\ymall-ware\src\main\java\com\yinn\ymall\ware\dao\SkuStockDao.java", "Java", 0, 0, 0, 0, 0, 0, 0, 7, 7, 3, 17
"c:\Users\75663\Documents\vscode\ymall\ymall-ware\src\main\java\com\yinn\ymall\ware\dto\OrderDTO.java", "Java", 0, 0, 0, 0, 0, 0, 0, 49, 111, 6, 166
"c:\Users\75663\Documents\vscode\ymall\ymall-ware\src\main\java\com\yinn\ymall\ware\dto\OrderPaidDTO.java", "Java", 0, 0, 0, 0, 0, 0, 0, 11, 0, 3, 14
"c:\Users\75663\Documents\vscode\ymall\ymall-ware\src\main\java\com\yinn\ymall\ware\dto\SkuLockDTO.java", "Java", 0, 0, 0, 0, 0, 0, 0, 32, 20, 9, 61
"c:\Users\75663\Documents\vscode\ymall\ymall-ware\src\main\java\com\yinn\ymall\ware\entity\OrderTask.java", "Java", 0, 0, 0, 0, 0, 0, 0, 26, 37, 7, 70
"c:\Users\75663\Documents\vscode\ymall\ymall-ware\src\main\java\com\yinn\ymall\ware\entity\SkuStock.java", "Java", 0, 0, 0, 0, 0, 0, 0, 23, 19, 8, 50
"c:\Users\75663\Documents\vscode\ymall\ymall-ware\src\main\java\com\yinn\ymall\ware\exception\StockLockException.java", "Java", 0, 0, 0, 0, 0, 0, 0, 4, 0, 3, 7
"c:\Users\75663\Documents\vscode\ymall\ymall-ware\src\main\java\com\yinn\ymall\ware\exception\StockShortageException.java", "Java", 0, 0, 0, 0, 0, 0, 0, 4, 0, 3, 7
"c:\Users\75663\Documents\vscode\ymall\ymall-ware\src\main\java\com\yinn\ymall\ware\feign\OrderFeignService.java", "Java", 0, 0, 0, 0, 0, 0, 0, 10, 0, 5, 15
"c:\Users\75663\Documents\vscode\ymall\ymall-ware\src\main\java\com\yinn\ymall\ware\listener\WareDeductListener.java", "Java", 0, 0, 0, 0, 0, 0, 0, 18, 0, 6, 24
"c:\Users\75663\Documents\vscode\ymall\ymall-ware\src\main\java\com\yinn\ymall\ware\listener\WareStockListener.java", "Java", 0, 0, 0, 0, 0, 0, 0, 17, 0, 6, 23
"c:\Users\75663\Documents\vscode\ymall\ymall-ware\src\main\java\com\yinn\ymall\ware\service\FreightService.java", "Java", 0, 0, 0, 0, 0, 0, 0, 5, 0, 3, 8
"c:\Users\75663\Documents\vscode\ymall\ymall-ware\src\main\java\com\yinn\ymall\ware\service\OrderTaskService.java", "Java", 0, 0, 0, 0, 0, 0, 0, 7, 7, 6, 20
"c:\Users\75663\Documents\vscode\ymall\ymall-ware\src\main\java\com\yinn\ymall\ware\service\SkuStockService.java", "Java", 0, 0, 0, 0, 0, 0, 0, 14, 25, 9, 48
"c:\Users\75663\Documents\vscode\ymall\ymall-ware\src\main\java\com\yinn\ymall\ware\service\impl\FreightServiceImpl.java", "Java", 0, 0, 0, 0, 0, 0, 0, 11, 1, 6, 18
"c:\Users\75663\Documents\vscode\ymall\ymall-ware\src\main\java\com\yinn\ymall\ware\service\impl\OrderTaskServiceImpl.java", "Java", 0, 0, 0, 0, 0, 0, 0, 15, 0, 6, 21
"c:\Users\75663\Documents\vscode\ymall\ymall-ware\src\main\java\com\yinn\ymall\ware\service\impl\SkuStockServiceImpl.java", "Java", 0, 0, 0, 0, 0, 0, 0, 96, 24, 17, 137
"c:\Users\75663\Documents\vscode\ymall\ymall-ware\src\main\resources\bootstrap-dev.yml", "YAML", 0, 0, 0, 0, 0, 24, 0, 0, 0, 0, 24
"c:\Users\75663\Documents\vscode\ymall\ymall-ware\src\test\java\com\yinn\ymall\ware\DemoApplicationTests.java", "Java", 0, 0, 0, 0, 0, 0, 0, 0, 9, 4, 13
"Total", "-", 7, 2, 101, 1043, 2, 367, 12, 6665, 2875, 2104, 13178